"表章項目 コード","表章項目","男女別 コード","男女別","全国 コード","全国","年齢各歳 コード","年齢各歳","/人口及び人口増減","人口","注釈","死亡者数","注釈","入国超過","注釈","国籍の異動による純増減","注釈","人口","注釈","死亡者数","注釈","入国超過","注釈","国籍の異動による純増減","注釈","人口","注釈","死亡者数","注釈","入国超過","注釈","国籍の異動による純増減","注釈","人口","注釈","死亡者数","注釈","入国超過","注釈","国籍の異動による純増減","注釈","人口","注釈","死亡者数","注釈","入国超過","注釈","国籍の異動による純増減","注釈","人口","注釈","死亡者数","注釈","入国超過","注釈","国籍の異動による純増減","注釈"
"008","人口【人】","000","男女計","00000","全国","01000","総数","","126932772","","***","","***","","***","","***","","1342578","","150727","","***","","126706210","","***","","***","","***","","125020252","","***","","***","","***","","***","","1335658","","4226","","11085","","124648471","","***","","***","","***",""
"008","人口【人】","000","男女計","00000","全国","02001","0歳未満","","965289","","***","","***","","***","","***","","1367","","-1131","","***","","-","","***","","***","","***","","948566","","***","","***","","***","","***","","1332","","220","","19","","-","","***","","***","","***",""
"008","人口【人】","000","男女計","00000","全国","01001","0歳","","1001518","","***","","***","","***","","***","","600","","-723","","***","","962791","","***","","***","","***","","986473","","***","","***","","***","","***","","591","","-773","","92","","947473","","***","","***","","***",""
"008","人口【人】","000","男女計","00000","全国","01002","1歳","","959750","","***","","***","","***","","***","","237","","214","","***","","1000195","","***","","***","","***","","946868","","***","","***","","***","","***","","231","","-400","","91","","985201","","***","","***","","***",""
"008","人口【人】","000","男女計","00000","全国","01003","2歳","","974069","","***","","***","","***","","***","","131","","685","","***","","959727","","***","","***","","***","","959840","","***","","***","","***","","***","","130","","-23","","102","","946328","","***","","***","","***",""
"008","人口【人】","000","男女計","00000","全国","01004","3歳","","1011175","","***","","***","","***","","***","","109","","412","","***","","974623","","***","","***","","***","","997521","","***","","***","","***","","***","","107","","-134","","108","","959789","","***","","***","","***",""
"008","人口【人】","000","男女計","00000","全国","01005","4歳","","1016944","","***","","***","","***","","***","","91","","480","","***","","1011478","","***","","***","","***","","1003606","","***","","***","","***","","***","","89","","28","","75","","997388","","***","","***","","***",""
"008","人口【人】","000","男女計","00000","全国","01006","5歳","","1044909","","***","","***","","***","","***","","89","","312","","***","","1017333","","***","","***","","***","","1032955","","***","","***","","***","","***","","87","","44","","121","","1003620","","***","","***","","***",""
"008","人口【人】","000","男女計","00000","全国","01007","6歳","","1048049","","***","","***","","***","","***","","77","","566","","***","","1045132","","***","","***","","***","","1036826","","***","","***","","***","","***","","75","","58","","129","","1033033","","***","","***","","***",""
"008","人口【人】","000","男女計","00000","全国","01008","7歳","","1059407","","***","","***","","***","","***","","59","","757","","***","","1048538","","***","","***","","***","","1048486","","***","","***","","***","","***","","58","","277","","121","","1036938","","***","","***","","***",""
"008","人口【人】","000","男女計","00000","全国","01009","8歳","","1079363","","***","","***","","***","","***","","81","","787","","***","","1060105","","***","","***","","***","","1068673","","***","","***","","***","","***","","78","","314","","102","","1048826","","***","","***","","***",""
"008","人口【人】","000","男女計","00000","全国","01010","9歳","","1071489","","***","","***","","***","","***","","55","","786","","***","","1080069","","***","","***","","***","","1061161","","***","","***","","***","","***","","55","","222","","114","","1069011","","***","","***","","***",""
"008","人口【人】","000","男女計","00000","全国","01011","10歳","","1063681","","***","","***","","***","","***","","67","","1065","","***","","1072220","","***","","***","","***","","1053680","","***","","***","","***","","***","","66","","552","","120","","1061442","","***","","***","","***",""
"008","人口【人】","000","男女計","00000","全国","01012","11歳","","1065710","","***","","***","","***","","***","","71","","1205","","***","","1064679","","***","","***","","***","","1056303","","***","","***","","***","","***","","71","","677","","119","","1054286","","***","","***","","***",""
"008","人口【人】","000","男女計","00000","全国","01013","12歳","","1103900","","***","","***","","***","","***","","89","","766","","***","","1066844","","***","","***","","***","","1094591","","***","","***","","***","","***","","89","","324","","147","","1057028","","***","","***","","***",""
"008","人口【人】","000","男女計","00000","全国","01014","13歳","","1123183","","***","","***","","***","","***","","109","","737","","***","","1104577","","***","","***","","***","","1114102","","***","","***","","***","","***","","106","","352","","160","","1094973","","***","","***","","***",""
"008","人口【人】","000","男女計","00000","全国","01015","14歳","","1157220","","***","","***","","***","","***","","162","","1241","","***","","1123811","","***","","***","","***","","1147655","","***","","***","","***","","***","","162","","526","","185","","1114508","","***","","***","","***",""
"008","人口【人】","000","男女計","00000","全国","01016","15歳","","1173931","","***","","***","","***","","***","","181","","609","","***","","1158299","","***","","***","","***","","1163724","","***","","***","","***","","***","","179","","-401","","115","","1148204","","***","","***","","***",""
"008","人口【人】","000","男女計","00000","全国","01017","16歳","","1201042","","***","","***","","***","","***","","229","","1257","","***","","1174359","","***","","***","","***","","1189689","","***","","***","","***","","***","","227","","-312","","141","","1163259","","***","","***","","***",""
"008","人口【人】","000","男女計","00000","全国","01018","17歳","","1202750","","***","","***","","***","","***","","261","","9836","","***","","1202070","","***","","***","","***","","1190612","","***","","***","","***","","***","","260","","671","","144","","1189291","","***","","***","","***",""
"008","人口【人】","000","男女計","00000","全国","01019","18歳","","1228960","","***","","***","","***","","***","","305","","19538","","***","","1212325","","***","","***","","***","","1208775","","***","","***","","***","","***","","296","","-3040","","150","","1191167","","***","","***","","***",""
"008","人口【人】","000","男女計","00000","全国","01020","19歳","","1233072","","***","","***","","***","","***","","353","","15571","","***","","1248193","","***","","***","","***","","1198583","","***","","***","","***","","***","","349","","-4330","","144","","1205589","","***","","***","","***",""
"008","人口【人】","000","男女計","00000","全国","01021","20歳","","1225673","","***","","***","","***","","***","","400","","13584","","***","","1248290","","***","","***","","***","","1182359","","***","","***","","***","","***","","388","","-1801","","213","","1194048","","***","","***","","***",""
"008","人口【人】","000","男女計","00000","全国","01022","21歳","","1242426","","***","","***","","***","","***","","431","","18205","","***","","1238857","","***","","***","","***","","1194664","","***","","***","","***","","***","","414","","3159","","218","","1180383","","***","","***","","***",""
"008","人口【人】","000","男女計","00000","全国","01023","22歳","","1238377","","***","","***","","***","","***","","428","","16008","","***","","1260200","","***","","***","","***","","1187533","","***","","***","","***","","***","","419","","1202","","185","","1197627","","***","","***","","***",""
"008","人口【人】","000","男女計","00000","全国","01024","23歳","","1215013","","***","","***","","***","","***","","435","","11799","","***","","1253957","","***","","***","","***","","1159789","","***","","***","","***","","***","","421","","350","","153","","1188501","","***","","***","","***",""
"008","人口【人】","000","男女計","00000","全国","01025","24歳","","1228357","","***","","***","","***","","***","","468","","6261","","***","","1226377","","***","","***","","***","","1173591","","***","","***","","***","","***","","455","","-604","","136","","1159871","","***","","***","","***",""
"008","人口【人】","000","男女計","00000","全国","01026","25歳","","1221261","","***","","***","","***","","***","","445","","4269","","***","","1234150","","***","","***","","***","","1167027","","***","","***","","***","","***","","438","","-876","","193","","1172668","","***","","***","","***",""
"008","人口【人】","000","男女計","00000","全国","01027","26歳","","1242495","","***","","***","","***","","***","","443","","3377","","***","","1225085","","***","","***","","***","","1185485","","***","","***","","***","","***","","430","","-856","","212","","1165906","","***","","***","","***",""
"008","人口【人】","000","男女計","00000","全国","01028","27歳","","1270414","","***","","***","","***","","***","","468","","2800","","***","","1245429","","***","","***","","***","","1216255","","***","","***","","***","","***","","450","","-468","","252","","1184411","","***","","***","","***",""
"008","人口【人】","000","男女計","00000","全国","01029","28歳","","1311679","","***","","***","","***","","***","","534","","2459","","***","","1272746","","***","","***","","***","","1261311","","***","","***","","***","","***","","524","","-512","","279","","1215589","","***","","***","","***",""
"008","人口【人】","000","男女計","00000","全国","01030","29歳","","1347543","","***","","***","","***","","***","","558","","1956","","***","","1313604","","***","","***","","***","","1298723","","***","","***","","***","","***","","551","","-379","","296","","1260554","","***","","***","","***",""
"008","人口【人】","000","男女計","00000","全国","01031","30歳","","1371366","","***","","***","","***","","***","","602","","1333","","***","","1348941","","***","","***","","***","","1325568","","***","","***","","***","","***","","590","","-304","","336","","1298089","","***","","***","","***",""
"008","人口【人】","000","男女計","00000","全国","01032","31歳","","1424958","","***","","***","","***","","***","","644","","1482","","***","","1372097","","***","","***","","***","","1381356","","***","","***","","***","","***","","627","","269","","302","","1325010","","***","","***","","***",""
"008","人口【人】","000","男女計","00000","全国","01033","32歳","","1471495","","***","","***","","***","","***","","686","","1278","","***","","1425796","","***","","***","","***","","1428356","","***","","***","","***","","***","","680","","494","","346","","1381300","","***","","***","","***",""
"008","人口【人】","000","男女計","00000","全国","01034","33歳","","1493501","","***","","***","","***","","***","","720","","682","","***","","1472087","","***","","***","","***","","1449540","","***","","***","","***","","***","","706","","-236","","336","","1428516","","***","","***","","***",""
"008","人口【人】","000","男女計","00000","全国","01035","34歳","","1495837","","***","","***","","***","","***","","792","","627","","***","","1493463","","***","","***","","***","","1450174","","***","","***","","***","","***","","771","","-77","","362","","1448934","","***","","***","","***",""
"008","人口【人】","000","男女計","00000","全国","01036","35歳","","1511998","","***","","***","","***","","***","","868","","515","","***","","1495672","","***","","***","","***","","1471795","","***","","***","","***","","***","","847","","-15","","270","","1449688","","***","","***","","***",""
"008","人口【人】","000","男女計","00000","全国","01037","36歳","","1577564","","***","","***","","***","","***","","915","","337","","***","","1511645","","***","","***","","***","","1538087","","***","","***","","***","","***","","895","","14","","287","","1471203","","***","","***","","***",""
"008","人口【人】","000","男女計","00000","全国","01038","37歳","","1618712","","***","","***","","***","","***","","1082","","468","","***","","1576986","","***","","***","","***","","1580033","","***","","***","","***","","***","","1065","","294","","280","","1537493","","***","","***","","***",""
"008","人口【人】","000","男女計","00000","全国","01039","38歳","","1682055","","***","","***","","***","","***","","1143","","377","","***","","1618098","","***","","***","","***","","1646151","","***","","***","","***","","***","","1127","","156","","234","","1579542","","***","","***","","***",""
"008","人口【人】","000","男女計","00000","全国","01040","39歳","","1727112","","***","","***","","***","","***","","1309","","455","","***","","1681289","","***","","***","","***","","1693063","","***","","***","","***","","***","","1289","","349","","214","","1645414","","***","","***","","***",""
"008","人口【人】","000","男女計","00000","全国","01041","40歳","","1809819","","***","","***","","***","","***","","1460","","304","","***","","1726258","","***","","***","","***","","1776702","","***","","***","","***","","***","","1440","","290","","220","","1692337","","***","","***","","***",""
"008","人口【人】","000","男女計","00000","全国","01042","41歳","","1889276","","***","","***","","***","","***","","1646","","974","","***","","1808663","","***","","***","","***","","1857327","","***","","***","","***","","***","","1626","","710","","209","","1775772","","***","","***","","***",""
"008","人口【人】","000","男女計","00000","全国","01043","42歳","","1993823","","***","","***","","***","","***","","1960","","396","","***","","1888604","","***","","***","","***","","1961959","","***","","***","","***","","***","","1940","","424","","214","","1856620","","***","","***","","***",""
"008","人口【人】","000","男女計","00000","全国","01044","43歳","","2028147","","***","","***","","***","","***","","2142","","728","","***","","1992259","","***","","***","","***","","1995814","","***","","***","","***","","***","","2106","","670","","187","","1960657","","***","","***","","***",""
"008","人口【人】","000","男女計","00000","全国","01045","44歳","","1991458","","***","","***","","***","","***","","2383","","437","","***","","2026733","","***","","***","","***","","1958768","","***","","***","","***","","***","","2333","","372","","164","","1994565","","***","","***","","***",""
"008","人口【人】","000","男女計","00000","全国","01046","45歳","","1937882","","***","","***","","***","","***","","2521","","725","","***","","1989512","","***","","***","","***","","1905132","","***","","***","","***","","***","","2487","","740","","217","","1956971","","***","","***","","***",""
"008","人口【人】","000","男女計","00000","全国","01047","46歳","","1879579","","***","","***","","***","","***","","2691","","436","","***","","1936086","","***","","***","","***","","1846978","","***","","***","","***","","***","","2646","","441","","207","","1903602","","***","","***","","***",""
"008","人口【人】","000","男女計","00000","全国","01048","47歳","","1850256","","***","","***","","***","","***","","2894","","464","","***","","1877324","","***","","***","","***","","1819026","","***","","***","","***","","***","","2853","","514","","180","","1844980","","***","","***","","***",""
"008","人口【人】","000","男女計","00000","全国","01049","48歳","","1809089","","***","","***","","***","","***","","3169","","353","","***","","1847826","","***","","***","","***","","1778685","","***","","***","","***","","***","","3108","","530","","155","","1816867","","***","","***","","***",""
"008","人口【人】","000","男女計","00000","全国","01050","49歳","","1804755","","***","","***","","***","","***","","3547","","-8","","***","","1806273","","***","","***","","***","","1777939","","***","","***","","***","","***","","3503","","37","","79","","1776262","","***","","***","","***",""
"008","人口【人】","000","男女計","00000","全国","01051","50歳","","1410426","","***","","***","","***","","***","","2978","","475","","***","","1801200","","***","","***","","***","","1385003","","***","","***","","***","","***","","2940","","524","","121","","1774552","","***","","***","","***",""
"008","人口【人】","000","男女計","00000","全国","01052","51歳","","1740344","","***","","***","","***","","***","","3917","","317","","***","","1407923","","***","","***","","***","","1714870","","***","","***","","***","","***","","3853","","332","","147","","1382708","","***","","***","","***",""
"008","人口【人】","000","男女計","00000","全国","01053","52歳","","1629854","","***","","***","","***","","***","","4141","","312","","***","","1736744","","***","","***","","***","","1605074","","***","","***","","***","","***","","4091","","373","","128","","1711496","","***","","***","","***",""
"008","人口【人】","000","男女計","00000","全国","01054","53歳","","1588118","","***","","***","","***","","***","","4320","","113","","***","","1626025","","***","","***","","***","","1563751","","***","","***","","***","","***","","4252","","170","","128","","1601484","","***","","***","","***",""
"008","人口【人】","000","男女計","00000","全国","01055","54歳","","1534988","","***","","***","","***","","***","","4609","","222","","***","","1583911","","***","","***","","***","","1513913","","***","","***","","***","","***","","4542","","315","","94","","1559797","","***","","***","","***",""
"008","人口【人】","000","男女計","00000","全国","01056","55歳","","1510648","","***","","***","","***","","***","","4976","","205","","***","","1530601","","***","","***","","***","","1491705","","***","","***","","***","","***","","4917","","283","","108","","1509780","","***","","***","","***",""
"008","人口【人】","000","男女計","00000","全国","01057","56歳","","1520277","","***","","***","","***","","***","","5287","","21","","***","","1505877","","***","","***","","***","","1501958","","***","","***","","***","","***","","5237","","159","","102","","1487179","","***","","***","","***",""
"008","人口【人】","000","男女計","00000","全国","01058","57歳","","1547957","","***","","***","","***","","***","","5797","","96","","***","","1515011","","***","","***","","***","","1531745","","***","","***","","***","","***","","5732","","89","","78","","1496982","","***","","***","","***",""
"008","人口【人】","000","男女計","00000","全国","01059","58歳","","1505062","","***","","***","","***","","***","","6273","","-52","","***","","1542256","","***","","***","","***","","1489256","","***","","***","","***","","***","","6193","","44","","73","","1526180","","***","","***","","***",""
"008","人口【人】","000","男女計","00000","全国","01060","59歳","","1462148","","***","","***","","***","","***","","6513","","82","","***","","1498737","","***","","***","","***","","1447034","","***","","***","","***","","***","","6442","","246","","22","","1483180","","***","","***","","***",""
"008","人口【人】","000","男女計","00000","全国","01061","60歳","","1535574","","***","","***","","***","","***","","7590","","-206","","***","","1455717","","***","","***","","***","","1521132","","***","","***","","***","","***","","7512","","-123","","78","","1440860","","***","","***","","***",""
"008","人口【人】","000","男女計","00000","全国","01062","61歳","","1585613","","***","","***","","***","","***","","8423","","39","","***","","1527778","","***","","***","","***","","1571625","","***","","***","","***","","***","","8330","","100","","67","","1513575","","***","","***","","***",""
"008","人口【人】","000","男女計","00000","全国","01063","62歳","","1583308","","***","","***","","***","","***","","9392","","-69","","***","","1577229","","***","","***","","***","","1570380","","***","","***","","***","","***","","9303","","85","","55","","1563462","","***","","***","","***",""
"008","人口【人】","000","男女計","00000","全国","01064","63歳","","1680619","","***","","***","","***","","***","","10990","","247","","***","","1573847","","***","","***","","***","","1668613","","***","","***","","***","","***","","10894","","285","","52","","1561217","","***","","***","","***",""
"008","人口【人】","000","男女計","00000","全国","01065","64歳","","1775183","","***","","***","","***","","***","","12589","","134","","***","","1669876","","***","","***","","***","","1763322","","***","","***","","***","","***","","12476","","216","","22","","1658056","","***","","***","","***",""
"008","人口【人】","000","男女計","00000","全国","01066","65歳","","1874562","","***","","***","","***","","***","","15024","","-27","","***","","1762728","","***","","***","","***","","1863609","","***","","***","","***","","***","","14905","","82","","19","","1751084","","***","","***","","***",""
"008","人口【人】","000","男女計","00000","全国","01067","66歳","","2006614","","***","","***","","***","","***","","17351","","50","","***","","1859511","","***","","***","","***","","1995853","","***","","***","","***","","***","","17220","","181","","15","","1848805","","***","","***","","***",""
"008","人口【人】","000","男女計","00000","全国","01068","67歳","","2190839","","***","","***","","***","","***","","20753","","203","","***","","1989313","","***","","***","","***","","2180412","","***","","***","","***","","***","","20622","","279","","47","","1978829","","***","","***","","***",""
"008","人口【人】","000","男女計","00000","全国","01069","68歳","","2161674","","***","","***","","***","","***","","22514","","-5","","***","","2170289","","***","","***","","***","","2151663","","***","","***","","***","","***","","22383","","66","","50","","2160116","","***","","***","","***",""
"008","人口【人】","000","男女計","00000","全国","01070","69歳","","2040925","","***","","***","","***","","***","","23133","","125","","***","","2139155","","***","","***","","***","","2031674","","***","","***","","***","","***","","22970","","162","","51","","2129396","","***","","***","","***",""
"008","人口【人】","000","男女計","00000","全国","01071","70歳","","1266887","","***","","***","","***","","***","","15962","","-12","","***","","2017917","","***","","***","","***","","1259425","","***","","***","","***","","***","","15826","","75","","-13","","2008917","","***","","***","","***",""
"008","人口【人】","000","男女計","00000","全国","01072","71歳","","1350467","","***","","***","","***","","***","","18477","","42","","***","","1250913","","***","","***","","***","","1343021","","***","","***","","***","","***","","18349","","63","","21","","1243661","","***","","***","","***",""
"008","人口【人】","000","男女計","00000","全国","01073","72歳","","1631424","","***","","***","","***","","***","","24330","","60","","***","","1332032","","***","","***","","***","","1624280","","***","","***","","***","","***","","24192","","75","","24","","1324756","","***","","***","","***",""
"008","人口【人】","000","男女計","00000","全国","01074","73歳","","1566084","","***","","***","","***","","***","","25327","","93","","***","","1607154","","***","","***","","***","","1559280","","***","","***","","***","","***","","25148","","88","","30","","1600187","","***","","***","","***",""
"008","人口【人】","000","男女計","00000","全国","01075","74歳","","1592921","","***","","***","","***","","***","","28471","","37","","***","","1540850","","***","","***","","***","","1586566","","***","","***","","***","","***","","28319","","67","","28","","1534250","","***","","***","","***",""
"008","人口【人】","000","男女計","00000","全国","01076","75歳","","1529223","","***","","***","","***","","***","","29897","","87","","***","","1564487","","***","","***","","***","","1523020","","***","","***","","***","","***","","29723","","80","","3","","1558342","","***","","***","","***",""
"008","人口【人】","000","男女計","00000","全国","01077","76歳","","1369054","","***","","***","","***","","***","","29925","","25","","***","","1499413","","***","","***","","***","","1363441","","***","","***","","***","","***","","29761","","32","","10","","1493380","","***","","***","","***",""
"008","人口【人】","000","男女計","00000","全国","01078","77歳","","1171961","","***","","***","","***","","***","","28843","","34","","***","","1339154","","***","","***","","***","","1167046","","***","","***","","***","","***","","28663","","47","","17","","1333722","","***","","***","","***",""
"008","人口【人】","000","男女計","00000","全国","01079","78歳","","1226106","","***","","***","","***","","***","","33935","","-2","","***","","1143152","","***","","***","","***","","1221454","","***","","***","","***","","***","","33743","","24","","14","","1138447","","***","","***","","***",""
"008","人口【人】","000","男女計","00000","全国","01080","79歳","","1229174","","***","","***","","***","","***","","38139","","4","","***","","1192169","","***","","***","","***","","1225068","","***","","***","","***","","***","","37944","","14","","13","","1187749","","***","","***","","***",""
"008","人口【人】","000","男女計","00000","全国","01081","80歳","","1197989","","***","","***","","***","","***","","42635","","36","","***","","1191039","","***","","***","","***","","1194091","","***","","***","","***","","***","","42447","","28","","6","","1187151","","***","","***","","***",""
"008","人口【人】","000","男女計","00000","全国","01082","81歳","","1107823","","***","","***","","***","","***","","44142","","11","","***","","1155390","","***","","***","","***","","1104261","","***","","***","","***","","***","","43929","","24","","8","","1151678","","***","","***","","***",""
"008","人口【人】","000","男女計","00000","全国","01083","82歳","","1010110","","***","","***","","***","","***","","45517","","-16","","***","","1063692","","***","","***","","***","","1007105","","***","","***","","***","","***","","45360","","-13","","12","","1060364","","***","","***","","***",""
"008","人口【人】","000","男女計","00000","全国","01084","83歳","","968364","","***","","***","","***","","***","","49786","","-4","","***","","964577","","***","","***","","***","","965802","","***","","***","","***","","***","","49599","","-3","","3","","961744","","***","","***","","***",""
"008","人口【人】","000","男女計","00000","全国","01085","84歳","","896419","","***","","***","","***","","***","","51930","","11","","***","","918574","","***","","***","","***","","894141","","***","","***","","***","","***","","51777","","22","","1","","916203","","***","","***","","***",""
"008","人口【人】","000","男女計","00000","全国","01086","85歳","","815601","","***","","***","","***","","***","","53656","","1","","***","","844500","","***","","***","","***","","813701","","***","","***","","***","","***","","53500","","-2","","1","","842387","","***","","***","","***",""
"008","人口【人】","000","男女計","00000","全国","01087","86歳","","720100","","***","","***","","***","","***","","53746","","-2","","***","","761946","","***","","***","","***","","718419","","***","","***","","***","","***","","53571","","2","","3","","760200","","***","","***","","***",""
"008","人口【人】","000","男女計","00000","全国","01088","87歳","","652416","","***","","***","","***","","***","","54666","","3","","***","","666352","","***","","***","","***","","650946","","***","","***","","***","","***","","54489","","11","","2","","664853","","***","","***","","***",""
"008","人口【人】","000","男女計","00000","全国","01089","88歳","","579987","","***","","***","","***","","***","","54829","","2","","***","","597753","","***","","***","","***","","578619","","***","","***","","***","","***","","54662","","-1","","4","","596470","","***","","***","","***",""
"008","人口【人】","000","男女計","00000","全国","01090","89歳","","***","","***","","***","","***","","***","","***","","***","","***","","525160","","***","","***","","***","","***","","***","","***","","***","","***","","***","","***","","***","","523960","","***","","***","","***",""
"008","人口【人】","000","男女計","00000","全国","02092","89＋90以上","","2433887","","***","","***","","***","","***","","379288","","-16","","***","","***","","***","","***","","***","","2428661","","***","","***","","***","","***","","378075","","-14","","6","","***","","***","","***","","***",""
"008","人口【人】","000","男女計","00000","全国","02093","90歳以上","","***","","***","","***","","***","","***","","***","","***","","***","","2054583","","***","","***","","***","","***","","***","","***","","***","","***","","***","","***","","***","","2050578","","***","","***","","***",""
"008","人口【人】","001","男","00000","全国","01000","総数","","61765503","","***","","***","","***","","***","","691345","","86736","","***","","61655387","","***","","***","","***","","60866773","","***","","***","","***","","***","","687655","","5688","","5089","","60675736","","***","","***","","***",""
"008","人口【人】","001","男","00000","全国","02001","0歳未満","","494493","","***","","***","","***","","***","","718","","-635","","***","","-","","***","","***","","***","","485841","","***","","***","","***","","***","","699","","105","","13","","-","","***","","***","","***",""
"008","人口【人】","001","男","00000","全国","01001","0歳","","514468","","***","","***","","***","","***","","302","","-464","","***","","493140","","***","","***","","***","","506743","","***","","***","","***","","***","","297","","-450","","48","","485260","","***","","***","","***",""
"008","人口【人】","001","男","00000","全国","01002","1歳","","490038","","***","","***","","***","","***","","120","","67","","***","","513702","","***","","***","","***","","483380","","***","","***","","***","","***","","115","","-186","","40","","506044","","***","","***","","***",""
"008","人口【人】","001","男","00000","全国","01003","2歳","","498784","","***","","***","","***","","***","","74","","337","","***","","489985","","***","","***","","***","","491477","","***","","***","","***","","***","","73","","-24","","50","","483119","","***","","***","","***",""
"008","人口【人】","001","男","00000","全国","01004","3歳","","516624","","***","","***","","***","","***","","61","","222","","***","","499047","","***","","***","","***","","509586","","***","","***","","***","","***","","61","","-85","","54","","491430","","***","","***","","***",""
"008","人口【人】","001","男","00000","全国","01005","4歳","","520171","","***","","***","","***","","***","","47","","308","","***","","516785","","***","","***","","***","","513203","","***","","***","","***","","***","","45","","37","","43","","509494","","***","","***","","***",""
"008","人口【人】","001","男","00000","全国","01006","5歳","","535444","","***","","***","","***","","***","","50","","173","","***","","520432","","***","","***","","***","","529215","","***","","***","","***","","***","","49","","25","","59","","513238","","***","","***","","***",""
"008","人口【人】","001","男","00000","全国","01007","6歳","","537426","","***","","***","","***","","***","","47","","315","","***","","535567","","***","","***","","***","","531611","","***","","***","","***","","***","","46","","24","","69","","529250","","***","","***","","***",""
"008","人口【人】","001","男","00000","全国","01008","7歳","","542820","","***","","***","","***","","***","","34","","417","","***","","537694","","***","","***","","***","","537286","","***","","***","","***","","***","","33","","138","","58","","531658","","***","","***","","***",""
"008","人口【人】","001","男","00000","全国","01009","8歳","","552800","","***","","***","","***","","***","","59","","384","","***","","543203","","***","","***","","***","","547413","","***","","***","","***","","***","","59","","149","","49","","537449","","***","","***","","***",""
"008","人口【人】","001","男","00000","全国","01010","9歳","","548976","","***","","***","","***","","***","","36","","417","","***","","553125","","***","","***","","***","","543636","","***","","***","","***","","***","","36","","99","","54","","547552","","***","","***","","***",""
"008","人口【人】","001","男","00000","全国","01011","10歳","","544311","","***","","***","","***","","***","","36","","575","","***","","549357","","***","","***","","***","","539193","","***","","***","","***","","***","","36","","294","","56","","543753","","***","","***","","***",""
"008","人口【人】","001","男","00000","全国","01012","11歳","","545551","","***","","***","","***","","***","","46","","607","","***","","544850","","***","","***","","***","","540773","","***","","***","","***","","***","","46","","342","","61","","539507","","***","","***","","***",""
"008","人口【人】","001","男","00000","全国","01013","12歳","","564492","","***","","***","","***","","***","","59","","332","","***","","546112","","***","","***","","***","","559693","","***","","***","","***","","***","","59","","113","","71","","541130","","***","","***","","***",""
"008","人口【人】","001","男","00000","全国","01014","13歳","","575632","","***","","***","","***","","***","","65","","459","","***","","564765","","***","","***","","***","","571041","","***","","***","","***","","***","","62","","249","","77","","559818","","***","","***","","***",""
"008","人口【人】","001","男","00000","全国","01015","14歳","","593100","","***","","***","","***","","***","","106","","605","","***","","576026","","***","","***","","***","","588196","","***","","***","","***","","***","","106","","250","","91","","571305","","***","","***","","***",""
"008","人口【人】","001","男","00000","全国","01016","15歳","","602009","","***","","***","","***","","***","","120","","503","","***","","593599","","***","","***","","***","","596741","","***","","***","","***","","***","","119","","-16","","74","","588431","","***","","***","","***",""
"008","人口【人】","001","男","00000","全国","01017","16歳","","618524","","***","","***","","***","","***","","157","","841","","***","","602392","","***","","***","","***","","612691","","***","","***","","***","","***","","155","","-2","","72","","596680","","***","","***","","***",""
"008","人口【人】","001","男","00000","全国","01018","17歳","","618438","","***","","***","","***","","***","","183","","4551","","***","","619208","","***","","***","","***","","612168","","***","","***","","***","","***","","182","","219","","88","","612606","","***","","***","","***",""
"008","人口【人】","001","男","00000","全国","01019","18歳","","631444","","***","","***","","***","","***","","218","","9709","","***","","622806","","***","","***","","***","","621442","","***","","***","","***","","***","","215","","-1164","","75","","612293","","***","","***","","***",""
"008","人口【人】","001","男","00000","全国","01020","19歳","","632747","","***","","***","","***","","***","","258","","8665","","***","","640935","","***","","***","","***","","615348","","***","","***","","***","","***","","255","","-1585","","64","","620138","","***","","***","","***",""
"008","人口【人】","001","男","00000","全国","01021","20歳","","631005","","***","","***","","***","","***","","281","","8131","","***","","641154","","***","","***","","***","","608956","","***","","***","","***","","***","","271","","-1168","","119","","613572","","***","","***","","***",""
"008","人口【人】","001","男","00000","全国","01022","21歳","","638581","","***","","***","","***","","***","","309","","10549","","***","","638855","","***","","***","","***","","613595","","***","","***","","***","","***","","295","","949","","95","","607636","","***","","***","","***",""
"008","人口【人】","001","男","00000","全国","01023","22歳","","636151","","***","","***","","***","","***","","311","","9560","","***","","648821","","***","","***","","***","","608841","","***","","***","","***","","***","","306","","735","","93","","614344","","***","","***","","***",""
"008","人口【人】","001","男","00000","全国","01024","23歳","","624161","","***","","***","","***","","***","","312","","6923","","***","","645400","","***","","***","","***","","594034","","***","","***","","***","","***","","303","","205","","76","","609363","","***","","***","","***",""
"008","人口【人】","001","男","00000","全国","01025","24歳","","630948","","***","","***","","***","","***","","328","","4214","","***","","630772","","***","","***","","***","","600838","","***","","***","","***","","***","","321","","-89","","70","","594012","","***","","***","","***",""
"008","人口【人】","001","男","00000","全国","01026","25歳","","625898","","***","","***","","***","","***","","300","","2687","","***","","634834","","***","","***","","***","","596233","","***","","***","","***","","***","","297","","-220","","97","","600498","","***","","***","","***",""
"008","人口【人】","001","男","00000","全国","01027","26歳","","635317","","***","","***","","***","","***","","311","","1999","","***","","628285","","***","","***","","***","","604549","","***","","***","","***","","***","","300","","-407","","92","","595813","","***","","***","","***",""
"008","人口【人】","001","男","00000","全国","01028","27歳","","649017","","***","","***","","***","","***","","315","","1281","","***","","637005","","***","","***","","***","","619875","","***","","***","","***","","***","","302","","-165","","114","","603934","","***","","***","","***",""
"008","人口【人】","001","男","00000","全国","01029","28歳","","670601","","***","","***","","***","","***","","376","","1268","","***","","649983","","***","","***","","***","","644115","","***","","***","","***","","***","","371","","-248","","123","","619522","","***","","***","","***",""
"008","人口【人】","001","男","00000","全国","01030","29歳","","687143","","***","","***","","***","","***","","371","","1285","","***","","671493","","***","","***","","***","","662209","","***","","***","","***","","***","","367","","-81","","125","","643619","","***","","***","","***",""
"008","人口【人】","001","男","00000","全国","01031","30歳","","699725","","***","","***","","***","","***","","394","","975","","***","","688057","","***","","***","","***","","676622","","***","","***","","***","","***","","386","","12","","170","","661886","","***","","***","","***",""
"008","人口【人】","001","男","00000","全国","01032","31歳","","723705","","***","","***","","***","","***","","453","","885","","***","","700306","","***","","***","","***","","702458","","***","","***","","***","","***","","440","","150","","122","","676418","","***","","***","","***",""
"008","人口【人】","001","男","00000","全国","01033","32歳","","746229","","***","","***","","***","","***","","449","","531","","***","","724137","","***","","***","","***","","725582","","***","","***","","***","","***","","445","","122","","154","","702290","","***","","***","","***",""
"008","人口【人】","001","男","00000","全国","01034","33歳","","757684","","***","","***","","***","","***","","465","","418","","***","","746311","","***","","***","","***","","737046","","***","","***","","***","","***","","455","","2","","150","","725413","","***","","***","","***",""
"008","人口【人】","001","男","00000","全国","01035","34歳","","757560","","***","","***","","***","","***","","494","","310","","***","","757637","","***","","***","","***","","736849","","***","","***","","***","","***","","482","","56","","152","","736743","","***","","***","","***",""
"008","人口【人】","001","男","00000","全国","01036","35歳","","767013","","***","","***","","***","","***","","570","","271","","***","","757376","","***","","***","","***","","748643","","***","","***","","***","","***","","557","","2","","113","","736575","","***","","***","","***",""
"008","人口【人】","001","男","00000","全国","01037","36歳","","799583","","***","","***","","***","","***","","580","","225","","***","","766714","","***","","***","","***","","782105","","***","","***","","***","","***","","570","","76","","127","","748201","","***","","***","","***",""
"008","人口【人】","001","男","00000","全国","01038","37歳","","821035","","***","","***","","***","","***","","702","","368","","***","","799228","","***","","***","","***","","804385","","***","","***","","***","","***","","693","","307","","116","","781738","","***","","***","","***",""
"008","人口【人】","001","男","00000","全国","01039","38歳","","852541","","***","","***","","***","","***","","729","","141","","***","","820701","","***","","***","","***","","837071","","***","","***","","***","","***","","719","","77","","94","","804115","","***","","***","","***",""
"008","人口【人】","001","男","00000","全国","01040","39歳","","875968","","***","","***","","***","","***","","840","","186","","***","","851953","","***","","***","","***","","861189","","***","","***","","***","","***","","827","","175","","95","","836523","","***","","***","","***",""
"008","人口【人】","001","男","00000","全国","01041","40歳","","917633","","***","","***","","***","","***","","927","","277","","***","","875314","","***","","***","","***","","903765","","***","","***","","***","","***","","919","","194","","90","","860632","","***","","***","","***",""
"008","人口【人】","001","男","00000","全国","01042","41歳","","957523","","***","","***","","***","","***","","1016","","527","","***","","916983","","***","","***","","***","","944055","","***","","***","","***","","***","","1005","","376","","85","","903130","","***","","***","","***",""
"008","人口【人】","001","男","00000","全国","01043","42歳","","1011727","","***","","***","","***","","***","","1209","","85","","***","","957034","","***","","***","","***","","998463","","***","","***","","***","","***","","1197","","119","","98","","943511","","***","","***","","***",""
"008","人口【人】","001","男","00000","全国","01044","43歳","","1025200","","***","","***","","***","","***","","1374","","488","","***","","1010603","","***","","***","","***","","1012159","","***","","***","","***","","***","","1354","","389","","79","","997483","","***","","***","","***",""
"008","人口【人】","001","男","00000","全国","01045","44歳","","1008718","","***","","***","","***","","***","","1466","","318","","***","","1024314","","***","","***","","***","","995828","","***","","***","","***","","***","","1438","","225","","75","","1011273","","***","","***","","***",""
"008","人口【人】","001","男","00000","全国","01046","45歳","","979660","","***","","***","","***","","***","","1638","","366","","***","","1007570","","***","","***","","***","","966762","","***","","***","","***","","***","","1619","","420","","91","","994690","","***","","***","","***",""
"008","人口【人】","001","男","00000","全国","01047","46歳","","949991","","***","","***","","***","","***","","1723","","256","","***","","978388","","***","","***","","***","","937415","","***","","***","","***","","***","","1701","","279","","85","","965654","","***","","***","","***",""
"008","人口【人】","001","男","00000","全国","01048","47歳","","933562","","***","","***","","***","","***","","1829","","288","","***","","948524","","***","","***","","***","","921712","","***","","***","","***","","***","","1808","","317","","83","","936078","","***","","***","","***",""
"008","人口【人】","001","男","00000","全国","01049","48歳","","912053","","***","","***","","***","","***","","2001","","329","","***","","932021","","***","","***","","***","","900376","","***","","***","","***","","***","","1968","","393","","79","","920304","","***","","***","","***",""
"008","人口【人】","001","男","00000","全国","01050","49歳","","909994","","***","","***","","***","","***","","2280","","80","","***","","910381","","***","","***","","***","","899413","","***","","***","","***","","***","","2262","","41","","44","","898880","","***","","***","","***",""
"008","人口【人】","001","男","00000","全国","01051","50歳","","708393","","***","","***","","***","","***","","1905","","402","","***","","907794","","***","","***","","***","","698354","","***","","***","","***","","***","","1882","","412","","59","","897236","","***","","***","","***",""
"008","人口【人】","001","男","00000","全国","01052","51歳","","874948","","***","","***","","***","","***","","2518","","176","","***","","706890","","***","","***","","***","","864660","","***","","***","","***","","***","","2480","","218","","58","","696943","","***","","***","","***",""
"008","人口【人】","001","男","00000","全国","01053","52歳","","818999","","***","","***","","***","","***","","2640","","326","","***","","872606","","***","","***","","***","","808849","","***","","***","","***","","***","","2614","","357","","55","","862456","","***","","***","","***",""
"008","人口【人】","001","男","00000","全国","01054","53歳","","796873","","***","","***","","***","","***","","2834","","137","","***","","816685","","***","","***","","***","","786991","","***","","***","","***","","***","","2788","","140","","63","","806647","","***","","***","","***",""
"008","人口【人】","001","男","00000","全国","01055","54歳","","769191","","***","","***","","***","","***","","3035","","267","","***","","794176","","***","","***","","***","","760503","","***","","***","","***","","***","","2998","","248","","34","","784406","","***","","***","","***",""
"008","人口【人】","001","男","00000","全国","01056","55歳","","756249","","***","","***","","***","","***","","3341","","153","","***","","766423","","***","","***","","***","","748396","","***","","***","","***","","***","","3302","","196","","48","","757787","","***","","***","","***",""
"008","人口【人】","001","男","00000","全国","01057","56歳","","758495","","***","","***","","***","","***","","3513","","150","","***","","753061","","***","","***","","***","","750876","","***","","***","","***","","***","","3482","","167","","36","","745338","","***","","***","","***",""
"008","人口【人】","001","男","00000","全国","01058","57歳","","771774","","***","","***","","***","","***","","3880","","110","","***","","755132","","***","","***","","***","","764832","","***","","***","","***","","***","","3844","","83","","34","","747597","","***","","***","","***",""
"008","人口【人】","001","男","00000","全国","01059","58歳","","747743","","***","","***","","***","","***","","4266","","81","","***","","768004","","***","","***","","***","","741157","","***","","***","","***","","***","","4220","","120","","29","","761105","","***","","***","","***",""
"008","人口【人】","001","男","00000","全国","01060","59歳","","725498","","***","","***","","***","","***","","4393","","114","","***","","743558","","***","","***","","***","","719040","","***","","***","","***","","***","","4360","","202","","14","","737086","","***","","***","","***",""
"008","人口【人】","001","男","00000","全国","01061","60歳","","760462","","***","","***","","***","","***","","5208","","-43","","***","","721219","","***","","***","","***","","754281","","***","","***","","***","","***","","5157","","-5","","30","","714896","","***","","***","","***",""
"008","人口【人】","001","男","00000","全国","01062","61歳","","784675","","***","","***","","***","","***","","5860","","46","","***","","755211","","***","","***","","***","","778601","","***","","***","","***","","***","","5792","","73","","27","","749149","","***","","***","","***",""
"008","人口【人】","001","男","00000","全国","01063","62歳","","780900","","***","","***","","***","","***","","6460","","-14","","***","","778861","","***","","***","","***","","775157","","***","","***","","***","","***","","6404","","80","","22","","772909","","***","","***","","***",""
"008","人口【人】","001","男","00000","全国","01064","63歳","","824716","","***","","***","","***","","***","","7646","","124","","***","","774426","","***","","***","","***","","819296","","***","","***","","***","","***","","7583","","153","","19","","768855","","***","","***","","***",""
"008","人口【人】","001","男","00000","全国","01065","64歳","","868326","","***","","***","","***","","***","","8760","","115","","***","","817194","","***","","***","","***","","862907","","***","","***","","***","","***","","8690","","172","","19","","811885","","***","","***","","***",""
"008","人口【人】","001","男","00000","全国","01066","65歳","","914686","","***","","***","","***","","***","","10452","","54","","***","","859681","","***","","***","","***","","909462","","***","","***","","***","","***","","10373","","112","","7","","854408","","***","","***","","***",""
"008","人口【人】","001","男","00000","全国","01067","66歳","","974547","","***","","***","","***","","***","","12191","","150","","***","","904288","","***","","***","","***","","969368","","***","","***","","***","","***","","12111","","193","","2","","899208","","***","","***","","***",""
"008","人口【人】","001","男","00000","全国","01068","67歳","","1060175","","***","","***","","***","","***","","14409","","200","","***","","962506","","***","","***","","***","","1055112","","***","","***","","***","","***","","14315","","250","","26","","957452","","***","","***","","***",""
"008","人口【人】","001","男","00000","全国","01069","68歳","","1041123","","***","","***","","***","","***","","15567","","54","","***","","1045966","","***","","***","","***","","1036268","","***","","***","","***","","***","","15475","","93","","19","","1041073","","***","","***","","***",""
"008","人口【人】","001","男","00000","全国","01070","69歳","","980968","","***","","***","","***","","***","","15903","","129","","***","","1025610","","***","","***","","***","","976491","","***","","***","","***","","***","","15791","","150","","20","","1020905","","***","","***","","***",""
"008","人口【人】","001","男","00000","全国","01071","70歳","","602107","","***","","***","","***","","***","","11019","","3","","***","","965194","","***","","***","","***","","598537","","***","","***","","***","","***","","10928","","47","","-9","","960870","","***","","***","","***",""
"008","人口【人】","001","男","00000","全国","01072","71歳","","633562","","***","","***","","***","","***","","12550","","22","","***","","591091","","***","","***","","***","","630134","","***","","***","","***","","***","","12462","","34","","15","","587647","","***","","***","","***",""
"008","人口【人】","001","男","00000","全国","01073","72歳","","759474","","***","","***","","***","","***","","16581","","77","","***","","621034","","***","","***","","***","","756202","","***","","***","","***","","***","","16481","","76","","9","","617721","","***","","***","","***",""
"008","人口【人】","001","男","00000","全国","01074","73歳","","725363","","***","","***","","***","","***","","17121","","62","","***","","742970","","***","","***","","***","","722287","","***","","***","","***","","***","","17011","","69","","15","","739806","","***","","***","","***",""
"008","人口【人】","001","男","00000","全国","01075","74歳","","731321","","***","","***","","***","","***","","18866","","76","","***","","708304","","***","","***","","***","","728447","","***","","***","","***","","***","","18768","","78","","19","","705360","","***","","***","","***",""
"008","人口【人】","001","男","00000","全国","01076","75歳","","697159","","***","","***","","***","","***","","19624","","33","","***","","712531","","***","","***","","***","","694436","","***","","***","","***","","***","","19508","","44","","5","","709776","","***","","***","","***",""
"008","人口【人】","001","男","00000","全国","01077","76歳","","617301","","***","","***","","***","","***","","19421","","29","","***","","677568","","***","","***","","***","","614910","","***","","***","","***","","***","","19313","","27","","1","","674977","","***","","***","","***",""
"008","人口【人】","001","男","00000","全国","01078","77歳","","522613","","***","","***","","***","","***","","18311","","38","","***","","597909","","***","","***","","***","","520490","","***","","***","","***","","***","","18207","","43","","7","","595625","","***","","***","","***",""
"008","人口【人】","001","男","00000","全国","01079","78歳","","537469","","***","","***","","***","","***","","20952","","7","","***","","504340","","***","","***","","***","","535487","","***","","***","","***","","***","","20845","","18","","4","","502333","","***","","***","","***",""
"008","人口【人】","001","男","00000","全国","01080","79歳","","530960","","***","","***","","***","","***","","23275","","2","","***","","516524","","***","","***","","***","","529245","","***","","***","","***","","***","","23162","","7","","7","","514664","","***","","***","","***",""
"008","人口【人】","001","男","00000","全国","01081","80歳","","508579","","***","","***","","***","","***","","25541","","33","","***","","507687","","***","","***","","***","","506992","","***","","***","","***","","***","","25445","","36","","6","","506097","","***","","***","","***",""
"008","人口【人】","001","男","00000","全国","01082","81歳","","458797","","***","","***","","***","","***","","25859","","6","","***","","483071","","***","","***","","***","","457405","","***","","***","","***","","***","","25740","","12","","3","","481589","","***","","***","","***",""
"008","人口【人】","001","男","00000","全国","01083","82歳","","407477","","***","","***","","***","","***","","25847","","0","","***","","432944","","***","","***","","***","","406309","","***","","***","","***","","***","","25767","","0","","5","","431680","","***","","***","","***",""
"008","人口【人】","001","男","00000","全国","01084","83歳","","378748","","***","","***","","***","","***","","27404","","1","","***","","381630","","***","","***","","***","","377800","","***","","***","","***","","***","","27312","","-2","","0","","380547","","***","","***","","***",""
"008","人口【人】","001","男","00000","全国","01085","84歳","","342041","","***","","***","","***","","***","","27734","","7","","***","","351345","","***","","***","","***","","341257","","***","","***","","***","","***","","27656","","11","","1","","350486","","***","","***","","***",""
"008","人口【人】","001","男","00000","全国","01086","85歳","","299789","","***","","***","","***","","***","","27483","","2","","***","","314314","","***","","***","","***","","299136","","***","","***","","***","","***","","27417","","-1","","2","","313613","","***","","***","","***",""
"008","人口【人】","001","男","00000","全国","01087","86歳","","254769","","***","","***","","***","","***","","26509","","7","","***","","272308","","***","","***","","***","","254193","","***","","***","","***","","***","","26440","","4","","1","","271720","","***","","***","","***",""
"008","人口【人】","001","男","00000","全国","01088","87歳","","220301","","***","","***","","***","","***","","25638","","-5","","***","","228267","","***","","***","","***","","219805","","***","","***","","***","","***","","25572","","1","","1","","227758","","***","","***","","***",""
"008","人口【人】","001","男","00000","全国","01089","88歳","","188211","","***","","***","","***","","***","","24500","","5","","***","","194658","","***","","***","","***","","187749","","***","","***","","***","","***","","24443","","5","","1","","194235","","***","","***","","***",""
"008","人口【人】","001","男","00000","全国","01090","89歳","","***","","***","","***","","***","","***","","***","","***","","***","","163716","","***","","***","","***","","***","","***","","***","","***","","***","","***","","***","","***","","163312","","***","","***","","***",""
"008","人口【人】","001","男","00000","全国","02092","89＋90以上","","610996","","***","","***","","***","","***","","115180","","-9","","***","","***","","***","","***","","***","","609372","","***","","***","","***","","***","","114791","","-10","","3","","***","","***","","***","","***",""
"008","人口【人】","001","男","00000","全国","02093","90歳以上","","***","","***","","***","","***","","***","","***","","***","","***","","495807","","***","","***","","***","","***","","***","","***","","***","","***","","***","","***","","***","","494574","","***","","***","","***",""
"008","人口【人】","002","女","00000","全国","01000","総数","","65167269","","***","","***","","***","","***","","651233","","63991","","***","","65050823","","***","","***","","***","","64153479","","***","","***","","***","","***","","648003","","-1462","","5996","","63972735","","***","","***","","***",""
"008","人口【人】","002","女","00000","全国","02001","0歳未満","","470796","","***","","***","","***","","***","","649","","-496","","***","","-","","***","","***","","***","","462725","","***","","***","","***","","***","","633","","115","","6","","-","","***","","***","","***",""
"008","人口【人】","002","女","00000","全国","01001","0歳","","487050","","***","","***","","***","","***","","298","","-259","","***","","469651","","***","","***","","***","","479730","","***","","***","","***","","***","","294","","-323","","44","","462213","","***","","***","","***",""
"008","人口【人】","002","女","00000","全国","01002","1歳","","469712","","***","","***","","***","","***","","117","","147","","***","","486493","","***","","***","","***","","463488","","***","","***","","***","","***","","116","","-214","","51","","479157","","***","","***","","***",""
"008","人口【人】","002","女","00000","全国","01003","2歳","","475285","","***","","***","","***","","***","","57","","348","","***","","469742","","***","","***","","***","","468363","","***","","***","","***","","***","","57","","1","","52","","463209","","***","","***","","***",""
"008","人口【人】","002","女","00000","全国","01004","3歳","","494551","","***","","***","","***","","***","","48","","190","","***","","475576","","***","","***","","***","","487935","","***","","***","","***","","***","","46","","-49","","54","","468359","","***","","***","","***",""
"008","人口【人】","002","女","00000","全国","01005","4歳","","496773","","***","","***","","***","","***","","44","","172","","***","","494693","","***","","***","","***","","490403","","***","","***","","***","","***","","44","","-9","","32","","487894","","***","","***","","***",""
"008","人口【人】","002","女","00000","全国","01006","5歳","","509465","","***","","***","","***","","***","","39","","139","","***","","496901","","***","","***","","***","","503740","","***","","***","","***","","***","","38","","19","","62","","490382","","***","","***","","***",""
"008","人口【人】","002","女","00000","全国","01007","6歳","","510623","","***","","***","","***","","***","","30","","251","","***","","509565","","***","","***","","***","","505215","","***","","***","","***","","***","","29","","34","","60","","503783","","***","","***","","***",""
"008","人口【人】","002","女","00000","全国","01008","7歳","","516587","","***","","***","","***","","***","","25","","340","","***","","510844","","***","","***","","***","","511200","","***","","***","","***","","***","","25","","139","","63","","505280","","***","","***","","***",""
"008","人口【人】","002","女","00000","全国","01009","8歳","","526563","","***","","***","","***","","***","","22","","403","","***","","516902","","***","","***","","***","","521260","","***","","***","","***","","***","","19","","165","","53","","511377","","***","","***","","***",""
"008","人口【人】","002","女","00000","全国","01010","9歳","","522513","","***","","***","","***","","***","","19","","369","","***","","526944","","***","","***","","***","","517525","","***","","***","","***","","***","","19","","123","","60","","521459","","***","","***","","***",""
"008","人口【人】","002","女","00000","全国","01011","10歳","","519370","","***","","***","","***","","***","","31","","490","","***","","522863","","***","","***","","***","","514487","","***","","***","","***","","***","","30","","258","","64","","517689","","***","","***","","***",""
"008","人口【人】","002","女","00000","全国","01012","11歳","","520159","","***","","***","","***","","***","","25","","598","","***","","519829","","***","","***","","***","","515530","","***","","***","","***","","***","","25","","335","","58","","514779","","***","","***","","***",""
"008","人口【人】","002","女","00000","全国","01013","12歳","","539408","","***","","***","","***","","***","","30","","434","","***","","520732","","***","","***","","***","","534898","","***","","***","","***","","***","","30","","211","","76","","515898","","***","","***","","***",""
"008","人口【人】","002","女","00000","全国","01014","13歳","","547551","","***","","***","","***","","***","","44","","278","","***","","539812","","***","","***","","***","","543061","","***","","***","","***","","***","","44","","103","","83","","535155","","***","","***","","***",""
"008","人口【人】","002","女","00000","全国","01015","14歳","","564120","","***","","***","","***","","***","","56","","636","","***","","547785","","***","","***","","***","","559459","","***","","***","","***","","***","","56","","276","","94","","543203","","***","","***","","***",""
"008","人口【人】","002","女","00000","全国","01016","15歳","","571922","","***","","***","","***","","***","","61","","106","","***","","564700","","***","","***","","***","","566983","","***","","***","","***","","***","","60","","-385","","41","","559773","","***","","***","","***",""
"008","人口【人】","002","女","00000","全国","01017","16歳","","582518","","***","","***","","***","","***","","72","","416","","***","","571967","","***","","***","","***","","576998","","***","","***","","***","","***","","72","","-310","","69","","566579","","***","","***","","***",""
"008","人口【人】","002","女","00000","全国","01018","17歳","","584312","","***","","***","","***","","***","","78","","5285","","***","","582862","","***","","***","","***","","578444","","***","","***","","***","","***","","78","","452","","56","","576685","","***","","***","","***",""
"008","人口【人】","002","女","00000","全国","01019","18歳","","597516","","***","","***","","***","","***","","87","","9829","","***","","589519","","***","","***","","***","","587333","","***","","***","","***","","***","","81","","-1876","","75","","578874","","***","","***","","***",""
"008","人口【人】","002","女","00000","全国","01020","19歳","","600325","","***","","***","","***","","***","","95","","6906","","***","","607258","","***","","***","","***","","583235","","***","","***","","***","","***","","94","","-2745","","80","","585451","","***","","***","","***",""
"008","人口【人】","002","女","00000","全国","01021","20歳","","594668","","***","","***","","***","","***","","119","","5453","","***","","607136","","***","","***","","***","","573403","","***","","***","","***","","***","","117","","-633","","94","","580476","","***","","***","","***",""
"008","人口【人】","002","女","00000","全国","01022","21歳","","603845","","***","","***","","***","","***","","122","","7656","","***","","600002","","***","","***","","***","","581069","","***","","***","","***","","***","","119","","2210","","123","","572747","","***","","***","","***",""
"008","人口【人】","002","女","00000","全国","01023","22歳","","602226","","***","","***","","***","","***","","117","","6448","","***","","611379","","***","","***","","***","","578692","","***","","***","","***","","***","","113","","467","","92","","583283","","***","","***","","***",""
"008","人口【人】","002","女","00000","全国","01024","23歳","","590852","","***","","***","","***","","***","","123","","4876","","***","","608557","","***","","***","","***","","565755","","***","","***","","***","","***","","118","","145","","77","","579138","","***","","***","","***",""
"008","人口【人】","002","女","00000","全国","01025","24歳","","597409","","***","","***","","***","","***","","140","","2047","","***","","595605","","***","","***","","***","","572753","","***","","***","","***","","***","","134","","-515","","66","","565859","","***","","***","","***",""
"008","人口【人】","002","女","00000","全国","01026","25歳","","595363","","***","","***","","***","","***","","145","","1582","","***","","599316","","***","","***","","***","","570794","","***","","***","","***","","***","","141","","-656","","96","","572170","","***","","***","","***",""
"008","人口【人】","002","女","00000","全国","01027","26歳","","607178","","***","","***","","***","","***","","132","","1378","","***","","596800","","***","","***","","***","","580936","","***","","***","","***","","***","","130","","-449","","120","","570093","","***","","***","","***",""
"008","人口【人】","002","女","00000","全国","01028","27歳","","621397","","***","","***","","***","","***","","153","","1519","","***","","608424","","***","","***","","***","","596380","","***","","***","","***","","***","","148","","-303","","138","","580477","","***","","***","","***",""
"008","人口【人】","002","女","00000","全国","01029","28歳","","641078","","***","","***","","***","","***","","158","","1191","","***","","622763","","***","","***","","***","","617196","","***","","***","","***","","***","","153","","-264","","156","","596067","","***","","***","","***",""
"008","人口【人】","002","女","00000","全国","01030","29歳","","660400","","***","","***","","***","","***","","187","","671","","***","","642111","","***","","***","","***","","636514","","***","","***","","***","","***","","184","","-298","","171","","616935","","***","","***","","***",""
"008","人口【人】","002","女","00000","全国","01031","30歳","","671641","","***","","***","","***","","***","","208","","358","","***","","660884","","***","","***","","***","","648946","","***","","***","","***","","***","","204","","-316","","166","","636203","","***","","***","","***",""
"008","人口【人】","002","女","00000","全国","01032","31歳","","701253","","***","","***","","***","","***","","191","","597","","***","","671791","","***","","***","","***","","678898","","***","","***","","***","","***","","187","","119","","180","","648592","","***","","***","","***",""
"008","人口【人】","002","女","00000","全国","01033","32歳","","725266","","***","","***","","***","","***","","237","","747","","***","","701659","","***","","***","","***","","702774","","***","","***","","***","","***","","235","","372","","192","","679010","","***","","***","","***",""
"008","人口【人】","002","女","00000","全国","01034","33歳","","735817","","***","","***","","***","","***","","255","","264","","***","","725776","","***","","***","","***","","712494","","***","","***","","***","","***","","251","","-238","","186","","703103","","***","","***","","***",""
"008","人口【人】","002","女","00000","全国","01035","34歳","","738277","","***","","***","","***","","***","","298","","317","","***","","735826","","***","","***","","***","","713325","","***","","***","","***","","***","","289","","-133","","210","","712191","","***","","***","","***",""
"008","人口【人】","002","女","00000","全国","01036","35歳","","744985","","***","","***","","***","","***","","298","","244","","***","","738296","","***","","***","","***","","723152","","***","","***","","***","","***","","290","","-17","","157","","713113","","***","","***","","***",""
"008","人口【人】","002","女","00000","全国","01037","36歳","","777981","","***","","***","","***","","***","","335","","112","","***","","744931","","***","","***","","***","","755982","","***","","***","","***","","***","","325","","-62","","160","","723002","","***","","***","","***",""
"008","人口【人】","002","女","00000","全国","01038","37歳","","797677","","***","","***","","***","","***","","380","","100","","***","","777758","","***","","***","","***","","775648","","***","","***","","***","","***","","372","","-13","","164","","755755","","***","","***","","***",""
"008","人口【人】","002","女","00000","全国","01039","38歳","","829514","","***","","***","","***","","***","","414","","236","","***","","797397","","***","","***","","***","","809080","","***","","***","","***","","***","","408","","79","","140","","775427","","***","","***","","***",""
"008","人口【人】","002","女","00000","全国","01040","39歳","","851144","","***","","***","","***","","***","","469","","269","","***","","829336","","***","","***","","***","","831874","","***","","***","","***","","***","","462","","174","","119","","808891","","***","","***","","***",""
"008","人口【人】","002","女","00000","全国","01041","40歳","","892186","","***","","***","","***","","***","","533","","27","","***","","850944","","***","","***","","***","","872937","","***","","***","","***","","***","","521","","96","","130","","831705","","***","","***","","***",""
"008","人口【人】","002","女","00000","全国","01042","41歳","","931753","","***","","***","","***","","***","","630","","447","","***","","891680","","***","","***","","***","","913272","","***","","***","","***","","***","","621","","334","","124","","872642","","***","","***","","***",""
"008","人口【人】","002","女","00000","全国","01043","42歳","","982096","","***","","***","","***","","***","","751","","311","","***","","931570","","***","","***","","***","","963496","","***","","***","","***","","***","","743","","305","","116","","913109","","***","","***","","***",""
"008","人口【人】","002","女","00000","全国","01044","43歳","","1002947","","***","","***","","***","","***","","768","","240","","***","","981656","","***","","***","","***","","983655","","***","","***","","***","","***","","752","","281","","108","","963174","","***","","***","","***",""
"008","人口【人】","002","女","00000","全国","01045","44歳","","982740","","***","","***","","***","","***","","917","","119","","***","","1002419","","***","","***","","***","","962940","","***","","***","","***","","***","","895","","147","","89","","983292","","***","","***","","***",""
"008","人口【人】","002","女","00000","全国","01046","45歳","","958222","","***","","***","","***","","***","","883","","359","","***","","981942","","***","","***","","***","","938370","","***","","***","","***","","***","","868","","320","","126","","962281","","***","","***","","***",""
"008","人口【人】","002","女","00000","全国","01047","46歳","","929588","","***","","***","","***","","***","","968","","180","","***","","957698","","***","","***","","***","","909563","","***","","***","","***","","***","","945","","162","","122","","937948","","***","","***","","***",""
"008","人口【人】","002","女","00000","全国","01048","47歳","","916694","","***","","***","","***","","***","","1065","","176","","***","","928800","","***","","***","","***","","897314","","***","","***","","***","","***","","1045","","197","","97","","908902","","***","","***","","***",""
"008","人口【人】","002","女","00000","全国","01049","48歳","","897036","","***","","***","","***","","***","","1168","","24","","***","","915805","","***","","***","","***","","878309","","***","","***","","***","","***","","1140","","137","","76","","896563","","***","","***","","***",""
"008","人口【人】","002","女","00000","全国","01050","49歳","","894761","","***","","***","","***","","***","","1267","","-88","","***","","895892","","***","","***","","***","","878526","","***","","***","","***","","***","","1241","","-4","","35","","877382","","***","","***","","***",""
"008","人口【人】","002","女","00000","全国","01051","50歳","","702033","","***","","***","","***","","***","","1073","","73","","***","","893406","","***","","***","","***","","686649","","***","","***","","***","","***","","1058","","112","","62","","877316","","***","","***","","***",""
"008","人口【人】","002","女","00000","全国","01052","51歳","","865396","","***","","***","","***","","***","","1399","","141","","***","","701033","","***","","***","","***","","850210","","***","","***","","***","","***","","1373","","114","","89","","685765","","***","","***","","***",""
"008","人口【人】","002","女","00000","全国","01053","52歳","","810855","","***","","***","","***","","***","","1501","","-14","","***","","864138","","***","","***","","***","","796225","","***","","***","","***","","***","","1477","","16","","73","","849040","","***","","***","","***",""
"008","人口【人】","002","女","00000","全国","01054","53歳","","791245","","***","","***","","***","","***","","1486","","-24","","***","","809340","","***","","***","","***","","776760","","***","","***","","***","","***","","1464","","30","","65","","794837","","***","","***","","***",""
"008","人口【人】","002","女","00000","全国","01055","54歳","","765797","","***","","***","","***","","***","","1574","","-45","","***","","789735","","***","","***","","***","","753410","","***","","***","","***","","***","","1544","","67","","60","","775391","","***","","***","","***",""
"008","人口【人】","002","女","00000","全国","01056","55歳","","754399","","***","","***","","***","","***","","1635","","52","","***","","764178","","***","","***","","***","","743309","","***","","***","","***","","***","","1615","","87","","60","","751993","","***","","***","","***",""
"008","人口【人】","002","女","00000","全国","01057","56歳","","761782","","***","","***","","***","","***","","1774","","-129","","***","","752816","","***","","***","","***","","751082","","***","","***","","***","","***","","1755","","-8","","66","","741841","","***","","***","","***",""
"008","人口【人】","002","女","00000","全国","01058","57歳","","776183","","***","","***","","***","","***","","1917","","-14","","***","","759879","","***","","***","","***","","766913","","***","","***","","***","","***","","1888","","6","","44","","749385","","***","","***","","***",""
"008","人口【人】","002","女","00000","全国","01059","58歳","","757319","","***","","***","","***","","***","","2007","","-133","","***","","774252","","***","","***","","***","","748099","","***","","***","","***","","***","","1973","","-76","","44","","765075","","***","","***","","***",""
"008","人口【人】","002","女","00000","全国","01060","59歳","","736650","","***","","***","","***","","***","","2120","","-32","","***","","755179","","***","","***","","***","","727994","","***","","***","","***","","***","","2082","","44","","8","","746094","","***","","***","","***",""
"008","人口【人】","002","女","00000","全国","01061","60歳","","775112","","***","","***","","***","","***","","2382","","-163","","***","","734498","","***","","***","","***","","766851","","***","","***","","***","","***","","2355","","-118","","48","","725964","","***","","***","","***",""
"008","人口【人】","002","女","00000","全国","01062","61歳","","800938","","***","","***","","***","","***","","2563","","-7","","***","","772567","","***","","***","","***","","793024","","***","","***","","***","","***","","2538","","27","","40","","764426","","***","","***","","***",""
"008","人口【人】","002","女","00000","全国","01063","62歳","","802408","","***","","***","","***","","***","","2932","","-55","","***","","798368","","***","","***","","***","","795223","","***","","***","","***","","***","","2899","","5","","33","","790553","","***","","***","","***",""
"008","人口【人】","002","女","00000","全国","01064","63歳","","855903","","***","","***","","***","","***","","3344","","123","","***","","799421","","***","","***","","***","","849317","","***","","***","","***","","***","","3311","","132","","33","","792362","","***","","***","","***",""
"008","人口【人】","002","女","00000","全国","01065","64歳","","906857","","***","","***","","***","","***","","3829","","19","","***","","852682","","***","","***","","***","","900415","","***","","***","","***","","***","","3786","","44","","3","","846171","","***","","***","","***",""
"008","人口【人】","002","女","00000","全国","01066","65歳","","959876","","***","","***","","***","","***","","4572","","-81","","***","","903047","","***","","***","","***","","954147","","***","","***","","***","","***","","4532","","-30","","12","","896676","","***","","***","","***",""
"008","人口【人】","002","女","00000","全国","01067","66歳","","1032067","","***","","***","","***","","***","","5160","","-100","","***","","955223","","***","","***","","***","","1026485","","***","","***","","***","","***","","5109","","-12","","13","","949597","","***","","***","","***",""
"008","人口【人】","002","女","00000","全国","01068","67歳","","1130664","","***","","***","","***","","***","","6344","","3","","***","","1026807","","***","","***","","***","","1125300","","***","","***","","***","","***","","6307","","29","","21","","1021377","","***","","***","","***",""
"008","人口【人】","002","女","00000","全国","01069","68歳","","1120551","","***","","***","","***","","***","","6947","","-59","","***","","1124323","","***","","***","","***","","1115395","","***","","***","","***","","***","","6908","","-27","","31","","1119043","","***","","***","","***",""
"008","人口【人】","002","女","00000","全国","01070","69歳","","1059957","","***","","***","","***","","***","","7230","","-4","","***","","1113545","","***","","***","","***","","1055183","","***","","***","","***","","***","","7179","","12","","31","","1108491","","***","","***","","***",""
"008","人口【人】","002","女","00000","全国","01071","70歳","","664780","","***","","***","","***","","***","","4943","","-15","","***","","1052723","","***","","***","","***","","660888","","***","","***","","***","","***","","4898","","28","","-4","","1048047","","***","","***","","***",""
"008","人口【人】","002","女","00000","全国","01072","71歳","","716905","","***","","***","","***","","***","","5927","","20","","***","","659822","","***","","***","","***","","712887","","***","","***","","***","","***","","5887","","29","","6","","656014","","***","","***","","***",""
"008","人口【人】","002","女","00000","全国","01073","72歳","","871950","","***","","***","","***","","***","","7749","","-17","","***","","710998","","***","","***","","***","","868078","","***","","***","","***","","***","","7711","","-1","","15","","707035","","***","","***","","***",""
"008","人口【人】","002","女","00000","全国","01074","73歳","","840721","","***","","***","","***","","***","","8206","","31","","***","","864184","","***","","***","","***","","836993","","***","","***","","***","","***","","8137","","19","","15","","860381","","***","","***","","***",""
"008","人口【人】","002","女","00000","全国","01075","74歳","","861600","","***","","***","","***","","***","","9605","","-39","","***","","832546","","***","","***","","***","","858119","","***","","***","","***","","***","","9551","","-11","","9","","828890","","***","","***","","***",""
"008","人口【人】","002","女","00000","全国","01076","75歳","","832064","","***","","***","","***","","***","","10273","","54","","***","","851956","","***","","***","","***","","828584","","***","","***","","***","","***","","10215","","36","","-2","","848566","","***","","***","","***",""
"008","人口【人】","002","女","00000","全国","01077","76歳","","751753","","***","","***","","***","","***","","10504","","-4","","***","","821845","","***","","***","","***","","748531","","***","","***","","***","","***","","10448","","5","","9","","818403","","***","","***","","***",""
"008","人口【人】","002","女","00000","全国","01078","77歳","","649348","","***","","***","","***","","***","","10532","","-4","","***","","741245","","***","","***","","***","","646556","","***","","***","","***","","***","","10456","","4","","10","","738097","","***","","***","","***",""
"008","人口【人】","002","女","00000","全国","01079","78歳","","688637","","***","","***","","***","","***","","12983","","-9","","***","","638812","","***","","***","","***","","685967","","***","","***","","***","","***","","12898","","6","","10","","636114","","***","","***","","***",""
"008","人口【人】","002","女","00000","全国","01080","79歳","","698214","","***","","***","","***","","***","","14864","","2","","***","","675645","","***","","***","","***","","695823","","***","","***","","***","","***","","14782","","7","","6","","673085","","***","","***","","***",""
"008","人口【人】","002","女","00000","全国","01081","80歳","","689410","","***","","***","","***","","***","","17094","","3","","***","","683352","","***","","***","","***","","687099","","***","","***","","***","","***","","17002","","-8","","0","","681054","","***","","***","","***",""
"008","人口【人】","002","女","00000","全国","01082","81歳","","649026","","***","","***","","***","","***","","18283","","5","","***","","672319","","***","","***","","***","","646856","","***","","***","","***","","***","","18189","","12","","5","","670089","","***","","***","","***",""
"008","人口【人】","002","女","00000","全国","01083","82歳","","602633","","***","","***","","***","","***","","19670","","-16","","***","","630748","","***","","***","","***","","600796","","***","","***","","***","","***","","19593","","-13","","7","","628684","","***","","***","","***",""
"008","人口【人】","002","女","00000","全国","01084","83歳","","589616","","***","","***","","***","","***","","22382","","-5","","***","","582947","","***","","***","","***","","588002","","***","","***","","***","","***","","22287","","-1","","3","","581197","","***","","***","","***",""
"008","人口【人】","002","女","00000","全国","01085","84歳","","554378","","***","","***","","***","","***","","24196","","4","","***","","567229","","***","","***","","***","","552884","","***","","***","","***","","***","","24121","","11","","0","","565717","","***","","***","","***",""
"008","人口【人】","002","女","00000","全国","01086","85歳","","515812","","***","","***","","***","","***","","26173","","-1","","***","","530186","","***","","***","","***","","514565","","***","","***","","***","","***","","26083","","-1","","-1","","528774","","***","","***","","***",""
"008","人口【人】","002","女","00000","全国","01087","86歳","","465331","","***","","***","","***","","***","","27237","","-9","","***","","489638","","***","","***","","***","","464226","","***","","***","","***","","***","","27131","","-2","","2","","488480","","***","","***","","***",""
"008","人口【人】","002","女","00000","全国","01088","87歳","","432115","","***","","***","","***","","***","","29028","","8","","***","","438085","","***","","***","","***","","431141","","***","","***","","***","","***","","28917","","10","","1","","437095","","***","","***","","***",""
"008","人口【人】","002","女","00000","全国","01089","88歳","","391776","","***","","***","","***","","***","","30329","","-3","","***","","403095","","***","","***","","***","","390870","","***","","***","","***","","***","","30219","","-6","","3","","402235","","***","","***","","***",""
"008","人口【人】","002","女","00000","全国","01090","89歳","","***","","***","","***","","***","","***","","***","","***","","***","","361444","","***","","***","","***","","***","","***","","***","","***","","***","","***","","***","","***","","360648","","***","","***","","***",""
"008","人口【人】","002","女","00000","全国","02092","89＋90以上","","1822891","","***","","***","","***","","***","","264108","","-7","","***","","***","","***","","***","","***","","1819289","","***","","***","","***","","***","","263284","","-4","","3","","***","","***","","***","","***",""
"008","人口【人】","002","女","00000","全国","02093","90歳以上","","***","","***","","***","","***","","***","","***","","***","","***","","1558776","","***","","***","","***","","***","","***","","***","","***","","***","","***","","***","","***","","1556004","","***","","***","","***",""
